3	3	2	platform-update-stranded-tail-and-baseless-checkpoint-2026-09-26
2	2	1	s0-storage-lifecycle-gaps-2026-10-05
2	2	1	held-computer-boot-crash-loop-and-resolve-race-2026-08-28
2	2	0	texture-desk-activation-contract-respawn-loop-2026-09-28
2	2	0	engineering-verification-chain-dead-2026-09-28
1	2	0	s0-texture-lifecycle-open-work-crash-loop-2026-10-02
1	1	4	s0m-management-live-occurrence-storm-2026-10-03
1	1	3	m11-candidate-reject-pin-mismatch-2026-09-29
1	1	2	texture-latency-layered-evidence-2026-10-01
1	1	2	sa2-appendevent-unbounded-scan-2026-10-06
1	1	2	s0-gateway-token-on-kernel-cmdline-2026-10-01
1	1	1	vm-restart-no-rebind-8085-2026-09-25
1	1	1	s0m-report-desk-target-resolution-2026-10-02
1	1	1	s0m-guest-runtime-deploy-gap-2026-10-02
1	1	1	s0m-directive-engineering-desk-2026-10-02
1	1	1	s0m-channel-mail-texture-dead-letter-2026-10-02
1	1	1	s0-vocab-rescan-fires-on-any-replay-2026-10-01
1	1	1	s0-internal-surface-forgeable-caller-2026-10-01
1	1	1	s0-fetch-guest-timeline-deadlock-2026-10-01
1	1	1	document-cast-stray-complete-settlement-2026-09-23
1	1	1	ci-go-cache-starvation-2026-09-26
1	1	1	capsule-teardown-cgroup-not-empty-2026-09-24
1	1	0	vmctl-pressure-reclaim-mid-respawn-gap-2026-09-28
1	1	0	vmctl-idle-sweep-hibernates-busy-guest-2026-09-28
1	1	0	texture-incorporate-deadlock-settled-producer-2026-09-28
1	1	0	texture-desk-decision-kind-wait-rejected-2026-09-28
1	1	0	texture-desk-applytexture-contract-failure-2026-09-28
1	1	0	selfdev-wake-passivated-super-silent-noop-2026-08-28
1	1	0	s2-selfdev-runtime-changes-binary-carried-2026-10-04
1	1	0	s1-gateway-token-on-kernel-cmdline-2026-10-04
1	1	0	s0m-prompt-bar-submit-context-canceled-2026-10-02
1	1	0	s0m-freed-control-never-rebinds-2026-10-03
1	1	0	m11-recast-desk-terminal-report-uncommittable-2026-09-27
1	1	0	engineering-run-death-leaves-bound-assignment-2026-09-29
1	1	0	deploy-refresh-expected-commit-pointer-followers-2026-10-06
1	1	0	actorruntime-parked-handler-race-flake-2026-10-01
0	1	2	s0-tap-egress-unfiltered-2026-10-01
0	1	2	s0-deploy-refresh-skips-autoputer-internals-2026-10-01
0	1	0	rename-residual-census-2026-09-27
0	0	4	platform-dolt-oom-realization-cluster-2026-10-01
0	0	3	s2-postswap-restart-loop-kills-vm-2026-10-05
0	0	2	world-wire-corpus-resource-burn-2026-10-05
0	0	2	sa1-wake-outbox-rearm-storm-2026-10-06
0	0	2	s2-runtime-exec-still-baseline-2026-10-04
0	0	2	s2-refused-apply-wedges-pending-transition-2026-10-05
0	0	2	s0-m9a-route-projection-owner-binding-2026-10-04
0	0	2	guest-vm-embedded-dolt-memory-starved-2026-10-01
0	0	2	guest-stderr-unreachable-after-cold-boot-2026-10-04
0	0	2	guest-dolt-journal-and-host-image-leak-2026-10-03
0	0	2	effects-red-replay-texture-alias-authority-2026-08-18
0	0	2	ci-docs-only-head-strands-runtime-deploy-2026-10-04
0	0	1	s2-updater-refusal-reason-observability-2026-10-05
0	0	1	s2-layered-offer-transport-cap-2026-10-04
0	0	1	s2-host-builder-landed-2026-10-04
0	0	1	s2-guest-store-head-lag-corpusd-2026-10-05
0	0	1	s2-builder-substrate-2026-10-04
0	0	1	s1-non-root-runtime-child-uid-boundary-2026-10-04
0	0	1	root-cause-wrong-path-cluster-2026-09-22
0	0	1	retained-computer-lifecycle-start-timeout-2026-08-26
0	0	1	passivated-run-wake-consumed-before-reactivation-2026-10-01
0	0	1	m11-probe-oracle-route-2026-09-29
0	0	1	kernel-cutover-wake-gap-analysis-2026-09-24
0	0	1	held-computer-single-health-fail-degrades-2026-08-28
0	0	1	held-computer-persistent-image-critically-full-2026-08-28
0	0	1	api-key-computer-resolution-flap-2026-10-01
0	0	0	texture-revision-read-flap-during-oom-2026-10-01
0	0	0	smg-disposable-texture-budget-loop-2026-10-06
0	0	0	s0m-report-verb-signature-undocumented-2026-10-02
0	0	0	s0m-desk-no-authoring-act-2026-10-03
0	0	0	m11-tools-actuator-strands-choir-required-desk-2026-09-27
0	0	0	m11-impl-completed-no-subject-change-2026-09-29
0	0	0	m11-freeze-secret-screen-and-ref-prefix-2026-09-28
0	0	0	m11-engineering-desk-deferral-2026-09-27
0	0	0	irreversible-effects-human-gate-drift-2026-08-13
0	0	0	held-computer-super-rewarm-validate-body-scan-crash-2026-08-28
0	0	0	held-computer-boot-work-item-sweep-snapshot-crash-2026-08-28
0	0	0	held-computer-boot-terminal-outcome-scan-crash-2026-08-28
0	0	0	guest-release-propagation-manual-2026-10-01
0	0	0	genesis-computer-surface-underivable-spa-2026-08-26
0	0	0	fresh-computer-genesis-missing-prompt-bar-500-2026-09-28
0	0	0	continuous-texture-supervision-implementation-inventory-2026-08-08
0	0	0	ci-sbom-exact-derivation-cache-is-not-first-party-differential-2026-07-17
0	0	0	ci-maintenance-entrypoint-doccheck-cardinality-2026-07-16
0	0	0	capsule-go-eval-security-2026-08-26
0	0	0	agentic-consensus-panel-anchor-rot-2026-10-03
